population,workers,decisions,mean_ms,p50_ms,p95_ms,worker_cpu_samples,coordinator_cpu_samples
10000,1,472,2.0384257478813557,2.0330359999999996,4.060811,0,92
10000,15,472,2.006077565677966,2.036405,4.027621,0,93
10000,2,472,2.0560180741525422,2.036225,4.104081,0,95
10000,4,472,2.023241404661017,1.9775859999999998,4.207050000000001,0,93
10000,8,472,2.0276321355932203,2.037456,4.045331,0,96
100000,1,55,22.560525854545453,23.114415,44.323413,0,119
100000,15,55,21.200037509090908,21.552956000000002,42.445376,11,105
100000,2,55,22.1945282,22.394270000000002,44.857518999999996,14,106
100000,4,55,21.78575009090909,22.137202000000002,41.514483,12,109
100000,8,55,21.51547690909091,21.432996,47.026964,10,111
1000000,1,55,708.5378688363636,792.917916,1140.2879699999999,0,3798
1000000,15,55,711.6575895636364,834.983926,1175.219931,136,3783
1000000,2,55,714.4905555090909,847.077419,1126.953227,145,3763
1000000,4,55,710.408644090909,798.096129,1178.8373649999999,170,3762
1000000,8,55,693.2101311636363,814.643941,1122.3826589999999,149,3683
