workload,population,workers,throughput,unit,bytes_per_operation,gc_count,gc_ms
matching-before,10000,1,1.526488131893661,ops/ms,2291030.5959397512,4.0,6.0
matching-before,100000,1,0.08956986374880137,ops/ms,20482792.97777778,4.0,3.0
matching-before,1000000,1,0.0036175251537851317,ops/ms,215517402.0,4.0,21.0
update,10000,1,1.4851170949168377,ops/ms,3692118.3580080755,4.0,24.0
update,10000,2,1.5000423849417923,ops/ms,3692120.543637575,5.0,28.0
update,10000,4,1.456438786073246,ops/ms,3692120.8016472203,4.0,23.0
update,10000,8,1.5807585944512483,ops/ms,3692120.111321948,4.0,23.0
update,10000,15,1.4943717168159838,ops/ms,3692120.5779264215,5.0,28.0
update,100000,1,0.06616176200152032,ops/ms,37405898.941176474,6.0,115.0
update,100000,2,0.07487341122414969,ops/ms,37406792.0,4.0,40.0
update,100000,4,0.06752711182258736,ops/ms,37407367.76470588,5.0,95.0
update,100000,8,0.07771626018782579,ops/ms,37408392.615384616,5.0,95.0
update,100000,15,0.07461532003921673,ops/ms,37410503.27272727,5.0,96.0
update,1000000,1,0.005197197205944165,ops/ms,367119126.6666667,2.0,138.0
update,1000000,2,0.0059741217950602665,ops/ms,367120834.6666667,1.0,76.0
update,1000000,4,0.006845072102494263,ops/ms,367120947.0,5.0,210.0
update,1000000,8,0.00671891778982424,ops/ms,367122800.0,3.0,173.0
update,1000000,15,0.0073762874380771965,ops/ms,367125291.0,3.0,168.0
sparse-training,10000,1,12.93264831947,ops/s,197558583.3846154,4.0,10.0
sparse-training,10000,2,14.372918395381404,ops/s,189456388.26666668,4.0,10.0
sparse-training,10000,4,12.741916969675906,ops/s,197561662.76923078,4.0,10.0
sparse-training,10000,8,13.016491173761395,ops/s,198833958.85714287,4.0,10.0
sparse-training,10000,15,12.942428389929502,ops/s,197561688.0,4.0,9.0
sparse-training,100000,1,1.1517288250980051,ops/s,2121196064.0,7.0,5.0
sparse-training,100000,2,1.180603400164238,ops/s,2121196448.0,7.0,4.0
sparse-training,100000,4,1.1596075748813692,ops/s,2121148036.0,7.0,4.0
sparse-training,100000,8,1.132236240912773,ops/s,2121196132.0,7.0,4.0
sparse-training,100000,15,1.168264104662239,ops/s,2121148036.0,7.0,5.0
sparse-training,1000000,1,0.036098361132657415,ops/s,16571047240.0,26.0,28.0
sparse-training,1000000,2,0.03788321653011811,ops/s,16571042440.0,29.0,33.0
sparse-training,1000000,4,0.03527920331903036,ops/s,16571076536.0,29.0,31.0
sparse-training,1000000,8,0.03497643906968221,ops/s,16571048096.0,29.0,28.0
sparse-training,1000000,15,0.03642548436179889,ops/s,16571077888.0,29.0,28.0
dense-training,10000,1,9.679802416027961,ops/s,191634851.2,4.0,11.0
dense-training,10000,2,9.593364605853626,ops/s,191599616.8,4.0,11.0
dense-training,10000,4,9.765583963566606,ops/s,191596265.6,4.0,11.0
dense-training,10000,8,9.719193281532224,ops/s,191612808.8,4.0,12.0
dense-training,10000,15,9.82514921770978,ops/s,191604612.0,4.0,11.0
dense-training,100000,1,0.785230069273303,ops/s,2571464112.0,6.0,37.0
dense-training,100000,2,0.7978152493179714,ops/s,2596307688.0,6.0,36.0
dense-training,100000,4,0.8130410820414479,ops/s,2592181760.0,6.0,36.0
dense-training,100000,8,0.822576181743522,ops/s,2601910000.0,6.0,36.0
dense-training,100000,15,0.8347585945926835,ops/s,2596344264.0,6.0,36.0
dense-training,1000000,1,0.025631145354343746,ops/s,24736682784.0,60.0,427.0
dense-training,1000000,2,0.025417484365333382,ops/s,25095314376.0,65.0,417.0
dense-training,1000000,4,0.025564245972871835,ops/s,25059855640.0,60.0,431.0
dense-training,1000000,8,0.026197908133565897,ops/s,25091782168.0,46.0,437.0
dense-training,1000000,15,0.025519376575604668,ops/s,25092523280.0,64.0,432.0
matching,10000,1,1.5308183944214147,ops/ms,2291058.356629654,4.0,6.0
matching,10000,2,1.6323278204621563,ops/ms,2291052.7127985302,5.0,8.0
matching,10000,4,1.623365796437574,ops/ms,2291059.049261084,5.0,8.0
matching,10000,8,1.601574520908052,ops/ms,2291051.800249688,5.0,7.0
matching,10000,15,1.4014435120073652,ops/ms,2291066.721825963,4.0,7.0
matching,100000,1,0.0751021107814852,ops/ms,20482812.315789472,2.0,2.0
matching,100000,2,0.12610820639779421,ops/ms,23337864.81889764,5.0,4.0
matching,100000,4,0.13098026909455715,ops/ms,23859567.818181816,5.0,3.0
matching,100000,8,0.1513950110021145,ops/ms,24161858.736842107,5.0,4.0
matching,100000,15,0.15737069881054425,ops/ms,24372593.012658227,6.0,3.0
matching,1000000,1,0.0038680092850518527,ops/ms,215517402.0,5.0,21.0
matching,1000000,2,0.0043694831375624575,ops/ms,232278163.2,4.0,10.0
matching,1000000,4,0.004516071555195624,ops/ms,249923384.0,2.0,3.0
matching,1000000,8,0.004602748059498218,ops/ms,252460092.8,2.0,12.0
matching,1000000,15,0.005072715358256249,ops/ms,242667764.0,3.0,15.0
